<?xml version="1.0" encoding="utf-8" ?>
<dwsync>
<file name="Courier-Bold.afm" server="C:/wamp/www/Activos3/" local="126528557880000000" remote="126528557880000000" />
<file name="Courier-BoldOblique.afm" server="C:/wamp/www/Activos3/" local="126528557880000000" remote="126528557880000000" />
<file name="Courier-Oblique.afm" server="C:/wamp/www/Activos3/" local="126528557880000000" remote="126528557880000000" />
<file name="Courier.afm" server="C:/wamp/www/Activos3/" local="126528557880000000" remote="126528557880000000" />
<file name="Helvetica-Bold.afm" server="C:/wamp/www/Activos3/" local="126528557880000000" remote="126528557880000000" />
<file name="Helvetica-BoldOblique.afm" server="C:/wamp/www/Activos3/" local="126528557880000000" remote="126528557880000000" />
<file name="Helvetica-Oblique.afm" server="C:/wamp/www/Activos3/" local="126528557880000000" remote="126528557880000000" />
<file name="Helvetica.afm" server="C:/wamp/www/Activos3/" local="126528557880000000" remote="126528557880000000" />
<file name="php_a0100131.afm" server="C:/wamp/www/Activos3/" local="126813461160000000" remote="126813461160000000" />
<file name="php_a010013l.afm" server="C:/wamp/www/Activos3/" local="126813455040000000" remote="126813455040000000" />
<file name="php_Courier-Bold.afm" server="C:/wamp/www/Activos3/" local="126596856300000000" remote="126596856300000000" />
<file name="php_Courier-BoldOblique.afm" server="C:/wamp/www/Activos3/" local="126596856320000000" remote="126596856320000000" />
<file name="php_Courier-Oblique.afm" server="C:/wamp/www/Activos3/" local="126596856320000000" remote="126596856320000000" />
<file name="php_Courier.afm" server="C:/wamp/www/Activos3/" local="126596856280000000" remote="126596856280000000" />
<file name="php_Helvetica-Bold.afm" server="C:/wamp/www/Activos3/" local="126596856400000000" remote="126596856400000000" />
<file name="php_Helvetica-BoldOblique.afm" server="C:/wamp/www/Activos3/" local="126596856440000000" remote="126596856440000000" />
<file name="php_Helvetica-Oblique.afm" server="C:/wamp/www/Activos3/" local="126596856460000000" remote="126596856460000000" />
<file name="php_Helvetica.afm" server="C:/wamp/www/Activos3/" local="126596856360000000" remote="126596856360000000" />
<file name="php_Symbol.afm" server="C:/wamp/www/Activos3/" local="126596856480000000" remote="126596856480000000" />
<file name="php_Times-Bold.afm" server="C:/wamp/www/Activos3/" local="126596856500000000" remote="126596856500000000" />
<file name="php_Times-BoldItalic.afm" server="C:/wamp/www/Activos3/" local="126596856540000000" remote="126596856540000000" />
<file name="php_Times-Italic.afm" server="C:/wamp/www/Activos3/" local="126596856560000000" remote="126596856560000000" />
<file name="php_Times-Roman.afm" server="C:/wamp/www/Activos3/" local="126596856600000000" remote="126596856600000000" />
<file name="php_ZapfDingbats.afm" server="C:/wamp/www/Activos3/" local="126596856600000000" remote="126596856600000000" />
<file name="Symbol.afm" server="C:/wamp/www/Activos3/" local="126528557880000000" remote="126528557880000000" />
<file name="Times-Bold.afm" server="C:/wamp/www/Activos3/" local="126528557880000000" remote="126528557880000000" />
<file name="Times-BoldItalic.afm" server="C:/wamp/www/Activos3/" local="126528557880000000" remote="126528557880000000" />
<file name="Times-Italic.afm" server="C:/wamp/www/Activos3/" local="126528557880000000" remote="126528557880000000" />
<file name="Times-Roman.afm" server="C:/wamp/www/Activos3/" local="126528557880000000" remote="126528557880000000" />
<file name="ZapfDingbats.afm" server="C:/wamp/www/Activos3/" local="126528557880000000" remote="126528557880000000" />
<file name="Courier-Bold.afm" server="C:/wamp/www/SISCAICORRIENDO/" local="126528557880000000" remote="126528557880000000" />
<file name="Courier-BoldOblique.afm" server="C:/wamp/www/SISCAICORRIENDO/" local="126528557880000000" remote="126528557880000000" />
<file name="Courier-Oblique.afm" server="C:/wamp/www/SISCAICORRIENDO/" local="126528557880000000" remote="126528557880000000" />
<file name="Courier.afm" server="C:/wamp/www/SISCAICORRIENDO/" local="126528557880000000" remote="126528557880000000" />
<file name="Helvetica-Bold.afm" server="C:/wamp/www/SISCAICORRIENDO/" local="126528557880000000" remote="126528557880000000" />
<file name="Helvetica-BoldOblique.afm" server="C:/wamp/www/SISCAICORRIENDO/" local="126528557880000000" remote="126528557880000000" />
<file name="Helvetica-Oblique.afm" server="C:/wamp/www/SISCAICORRIENDO/" local="126528557880000000" remote="126528557880000000" />
<file name="Helvetica.afm" server="C:/wamp/www/SISCAICORRIENDO/" local="126528557880000000" remote="126528557880000000" />
<file name="php_a0100131.afm" server="C:/wamp/www/SISCAICORRIENDO/" local="126813461160000000" remote="126813461160000000" />
<file name="php_a010013l.afm" server="C:/wamp/www/SISCAICORRIENDO/" local="126813455040000000" remote="126813455040000000" />
<file name="php_Courier-Bold.afm" server="C:/wamp/www/SISCAICORRIENDO/" local="126596856300000000" remote="126596856300000000" />
<file name="php_Courier-BoldOblique.afm" server="C:/wamp/www/SISCAICORRIENDO/" local="126596856320000000" remote="126596856320000000" />
<file name="php_Courier-Oblique.afm" server="C:/wamp/www/SISCAICORRIENDO/" local="126596856320000000" remote="126596856320000000" />
<file name="php_Courier.afm" server="C:/wamp/www/SISCAICORRIENDO/" local="126596856280000000" remote="126596856280000000" />
<file name="php_Helvetica-Bold.afm" server="C:/wamp/www/SISCAICORRIENDO/" local="126596856400000000" remote="126596856400000000" />
<file name="php_Helvetica-BoldOblique.afm" server="C:/wamp/www/SISCAICORRIENDO/" local="126596856440000000" remote="126596856440000000" />
<file name="php_Helvetica-Oblique.afm" server="C:/wamp/www/SISCAICORRIENDO/" local="126596856460000000" remote="126596856460000000" />
<file name="php_Helvetica.afm" server="C:/wamp/www/SISCAICORRIENDO/" local="126596856360000000" remote="126596856360000000" />
<file name="php_Symbol.afm" server="C:/wamp/www/SISCAICORRIENDO/" local="126596856480000000" remote="126596856480000000" />
<file name="php_Times-Bold.afm" server="C:/wamp/www/SISCAICORRIENDO/" local="126596856500000000" remote="126596856500000000" />
<file name="php_Times-BoldItalic.afm" server="C:/wamp/www/SISCAICORRIENDO/" local="126596856540000000" remote="126596856540000000" />
<file name="php_Times-Italic.afm" server="C:/wamp/www/SISCAICORRIENDO/" local="126596856560000000" remote="126596856560000000" />
<file name="php_Times-Roman.afm" server="C:/wamp/www/SISCAICORRIENDO/" local="126596856600000000" remote="126596856600000000" />
<file name="php_ZapfDingbats.afm" server="C:/wamp/www/SISCAICORRIENDO/" local="126596856600000000" remote="126596856600000000" />
<file name="Symbol.afm" server="C:/wamp/www/SISCAICORRIENDO/" local="126528557880000000" remote="126528557880000000" />
<file name="Times-Bold.afm" server="C:/wamp/www/SISCAICORRIENDO/" local="126528557880000000" remote="126528557880000000" />
<file name="Times-BoldItalic.afm" server="C:/wamp/www/SISCAICORRIENDO/" local="126528557880000000" remote="126528557880000000" />
<file name="Times-Italic.afm" server="C:/wamp/www/SISCAICORRIENDO/" local="126528557880000000" remote="126528557880000000" />
<file name="Times-Roman.afm" server="C:/wamp/www/SISCAICORRIENDO/" local="126528557880000000" remote="126528557880000000" />
<file name="ZapfDingbats.afm" server="C:/wamp/www/SISCAICORRIENDO/" local="126528557880000000" remote="126528557880000000" />
<file name="Courier-Bold.afm" server="C:/wamp/www/" local="126528557880000000" remote="126528557880000000" />
<file name="Courier-BoldOblique.afm" server="C:/wamp/www/" local="126528557880000000" remote="126528557880000000" />
<file name="Courier-Oblique.afm" server="C:/wamp/www/" local="126528557880000000" remote="126528557880000000" />
<file name="Courier.afm" server="C:/wamp/www/" local="126528557880000000" remote="126528557880000000" />
<file name="Helvetica-Bold.afm" server="C:/wamp/www/" local="126528557880000000" remote="126528557880000000" />
<file name="Helvetica-BoldOblique.afm" server="C:/wamp/www/" local="126528557880000000" remote="126528557880000000" />
<file name="Helvetica-Oblique.afm" server="C:/wamp/www/" local="126528557880000000" remote="126528557880000000" />
<file name="Helvetica.afm" server="C:/wamp/www/" local="126528557880000000" remote="126528557880000000" />
<file name="php_a0100131.afm" server="C:/wamp/www/" local="126813461160000000" remote="126813461160000000" />
<file name="php_a010013l.afm" server="C:/wamp/www/" local="126813455040000000" remote="126813455040000000" />
<file name="php_Courier-Bold.afm" server="C:/wamp/www/" local="126596856300000000" remote="126596856300000000" />
<file name="php_Courier-BoldOblique.afm" server="C:/wamp/www/" local="126596856320000000" remote="126596856320000000" />
<file name="php_Courier-Oblique.afm" server="C:/wamp/www/" local="126596856320000000" remote="126596856320000000" />
<file name="php_Courier.afm" server="C:/wamp/www/" local="126596856280000000" remote="126596856280000000" />
<file name="php_Helvetica-Bold.afm" server="C:/wamp/www/" local="126596856400000000" remote="126596856400000000" />
<file name="php_Helvetica-BoldOblique.afm" server="C:/wamp/www/" local="126596856440000000" remote="126596856440000000" />
<file name="php_Helvetica-Oblique.afm" server="C:/wamp/www/" local="126596856460000000" remote="126596856460000000" />
<file name="php_Helvetica.afm" server="C:/wamp/www/" local="126596856360000000" remote="126596856360000000" />
<file name="php_Symbol.afm" server="C:/wamp/www/" local="126596856480000000" remote="126596856480000000" />
<file name="php_Times-Bold.afm" server="C:/wamp/www/" local="126596856500000000" remote="126596856500000000" />
<file name="php_Times-BoldItalic.afm" server="C:/wamp/www/" local="126596856540000000" remote="126596856540000000" />
<file name="php_Times-Italic.afm" server="C:/wamp/www/" local="126596856560000000" remote="126596856560000000" />
<file name="php_Times-Roman.afm" server="C:/wamp/www/" local="126596856600000000" remote="126596856600000000" />
<file name="php_ZapfDingbats.afm" server="C:/wamp/www/" local="126596856600000000" remote="126596856600000000" />
<file name="Symbol.afm" server="C:/wamp/www/" local="126528557880000000" remote="126528557880000000" />
<file name="Times-Bold.afm" server="C:/wamp/www/" local="126528557880000000" remote="126528557880000000" />
<file name="Times-BoldItalic.afm" server="C:/wamp/www/" local="126528557880000000" remote="126528557880000000" />
<file name="Times-Italic.afm" server="C:/wamp/www/" local="126528557880000000" remote="126528557880000000" />
<file name="Times-Roman.afm" server="C:/wamp/www/" local="126528557880000000" remote="126528557880000000" />
<file name="ZapfDingbats.afm" server="C:/wamp/www/" local="126528557880000000" remote="126528557880000000" />
<file name="slb.afm" server="C:/wamp/www/" local="126528557880000000" remote="126528557880000000" />
</dwsync>